,blurb,id,image.full,image.group,image.h,image.sprite,image.w,image.x,image.y,info.attack,info.defense,info.difficulty,info.magic,key,name,partype,stats.armor,stats.armorperlevel,stats.attackdamage,stats.attackdamageperlevel,stats.attackrange,stats.attackspeed,stats.attackspeedperlevel,stats.crit,stats.critperlevel,stats.hp,stats.hpperlevel,stats.hpregen,stats.hpregenperlevel,stats.movespeed,stats.mp,stats.mpperlevel,stats.mpregen,stats.mpregenperlevel,stats.spellblock,stats.spellblockperlevel,tags,title,version
0,"Once honored defenders of Shurima against the Void, Aatrox and his brethren would eventually become an even greater threat to Runeterra, and were defeated only by cunning mortal sorcery. But after centuries of imprisonment, Aatrox was the first to find...",Aatrox,Aatrox.png,champion,48,champion0.png,48,0,0,8,4,4,3,266,Aatrox,Blood Well,38.0,3.25,60.0,5.0,175,0.651,2.5,0,0,580.0,90,3.0,1.0,345,0.0,0.0,0.0,0.0,32.1,1.25,"['Fighter', 'Tank']",the Darkin Blade,10.14.1
0,"Innately connected to the latent power of Runeterra, Ahri is a vastaya who can reshape magic into orbs of raw energy. She revels in toying with her prey by manipulating their emotions before devouring their life essence. Despite her predatory nature...",Ahri,Ahri.png,champion,48,champion0.png,48,48,0,3,4,5,8,103,Ahri,Mana,20.88,3.5,53.04,3.0,550,0.668,2.0,0,0,526.0,92,6.5,0.6,330,418.0,25.0,8.0,0.8,30.0,0.5,"['Mage', 'Assassin']",the Nine-Tailed Fox,10.14.1
0,"Abandoning the Kinkou Order and her title of the Fist of Shadow, Akali now strikes alone, ready to be the deadly weapon her people need. Though she holds onto all she learned from her master Shen, she has pledged to defend Ionia from its enemies, one...",Akali,Akali.png,champion,48,champion0.png,48,96,0,5,3,7,8,84,Akali,Energy,23.0,3.5,62.4,3.3,125,0.625,3.2,0,0,575.0,95,8.0,0.5,345,200.0,0.0,50.0,0.0,37.0,1.25,['Assassin'],the Rogue Assassin,10.14.1
0,"Always a mighty warrior with a fearsome reputation, Alistar seeks revenge for the death of his clan at the hands of the Noxian empire. Though he was enslaved and forced into the life of a gladiator, his unbreakable will was what kept him from truly...",Alistar,Alistar.png,champion,48,champion0.png,48,144,0,6,9,7,5,12,Alistar,Mana,44.0,3.5,62.0,3.75,125,0.625,2.125,0,0,600.0,106,8.5,0.85,330,350.0,40.0,8.5,0.8,32.1,1.25,"['Tank', 'Support']",the Minotaur,10.14.1
0,"Legend claims that Amumu is a lonely and melancholy soul from ancient Shurima, roaming the world in search of a friend. Doomed by an ancient curse to remain alone forever, his touch is death, his affection ruin. Those who claim to have seen him describe...",Amumu,Amumu.png,champion,48,champion0.png,48,192,0,2,6,3,8,32,Amumu,Mana,33.0,3.8,53.38,3.8,125,0.736,2.18,0,0,613.12,84,9.0,0.85,335,287.2,40.0,7.382,0.525,32.1,1.25,"['Tank', 'Mage']",the Sad Mummy,10.14.1
0,"Anivia is a benevolent winged spirit who endures endless cycles of life, death, and rebirth to protect the Freljord. A demigod born of unforgiving ice and bitter winds, she wields those elemental powers to thwart any who dare disturb her homeland...",Anivia,Anivia.png,champion,48,champion0.png,48,240,0,1,4,10,10,34,Anivia,Mana,21.22,4.0,51.376,3.2,600,0.625,1.68,0,0,480.0,82,5.5,0.55,325,495.0,25.0,8.0,0.8,30.0,0.5,"['Mage', 'Support']",the Cryophoenix,10.14.1
0,"Dangerous, yet disarmingly precocious, Annie is a child mage with immense pyromantic power. Even in the shadows of the mountains north of Noxus, she is a magical outlier. Her natural affinity for fire manifested early in life through unpredictable...",Annie,Annie.png,champion,48,champion0.png,48,288,0,2,3,6,10,1,Annie,Mana,19.22,4.0,50.41,2.625,625,0.579,1.36,0,0,524.0,88,5.5,0.55,335,418.0,25.0,8.0,0.8,30.0,0.5,['Mage'],the Dark Child,10.14.1
0,"Emerging from moonlight's shadow with weapons drawn, Aphelios kills the enemies of his faith in brooding silence—speaking only through the certainty of his aim, and the firing of each gun. Though fueled by a poison that renders him mute, he is guided by...",Aphelios,Aphelios.png,champion,48,champion0.png,48,336,0,6,2,10,1,523,Aphelios,Mana,28.0,3.0,57.0,2.0,550,0.64,2.1,0,0,530.0,88,3.25,0.55,325,348.0,42.0,6.5,0.4,26.0,0.5,['Marksman'],the Weapon of the Faithful,10.14.1
0,"Iceborn warmother of the Avarosan tribe, Ashe commands the most populous horde in the north. Stoic, intelligent, and idealistic, yet uncomfortable with her role as leader, she taps into the ancestral magics of her lineage to wield a bow of True Ice...",Ashe,Ashe.png,champion,48,champion0.png,48,384,0,7,3,4,2,22,Ashe,Mana,26.0,3.4,61.0,2.96,600,0.658,3.33,0,0,570.0,87,3.5,0.55,325,280.0,32.0,6.972,0.4,30.0,0.5,"['Marksman', 'Support']",the Frost Archer,10.14.1
0,"Aurelion Sol once graced the vast emptiness of the cosmos with celestial wonders of his own devising. Now, he is forced to wield his awesome power at the behest of a space-faring empire that tricked him into servitude. Desiring a return to his...",AurelionSol,AurelionSol.png,champion,48,champion0.png,48,432,0,2,3,7,8,136,Aurelion Sol,Mana,19.0,3.6,57.0,3.2,550,0.625,1.36,0,0,575.0,92,7.0,0.6,325,350.0,50.0,6.0,0.8,30.0,0.5,['Mage'],The Star Forger,10.14.1
0,"Azir was a mortal emperor of Shurima in a far distant age, a proud man who stood at the cusp of immortality. His hubris saw him betrayed and murdered at the moment of his greatest triumph, but now, millennia later, he has been reborn as an Ascended...",Azir,Azir.png,champion,48,champion0.png,48,0,48,6,3,9,8,268,Azir,Mana,19.04,3.0,52.0,2.8,525,0.625,3.0,0,0,552.0,92,7.0,0.75,335,480.0,21.0,8.0,0.8,30.0,0.5,"['Mage', 'Marksman']",the Emperor of the Sands,10.14.1
0,"A traveler from beyond the stars, Bard is an agent of serendipity who fights to maintain a balance where life can endure the indifference of chaos. Many Runeterrans sing songs that ponder his extraordinary nature, yet they all agree that the cosmic...",Bard,Bard.png,champion,48,champion0.png,48,48,48,4,4,9,5,432,Bard,Mana,34.0,4.0,52.0,3.0,500,0.625,2.0,0,0,575.0,89,5.5,0.55,330,350.0,50.0,6.0,0.45,30.0,0.5,"['Support', 'Mage']",the Wandering Caretaker,10.14.1
0,"Blitzcrank is an enormous, near-indestructible automaton from Zaun, originally built to dispose of hazardous waste. However, he found this primary purpose too restricting, and modified his own form to better serve the fragile people of the Sump...",Blitzcrank,Blitzcrank.png,champion,48,champion0.png,48,96,48,4,8,4,5,53,Blitzcrank,Mana,37.0,3.5,61.54,3.5,125,0.625,1.13,0,0,582.6,95,8.5,0.75,325,267.2,40.0,8.5,0.8,32.1,1.25,"['Tank', 'Fighter']",the Great Steam Golem,10.14.1
0,"Once a tribesman of the icy Freljord named Kegan Rodhe, the creature known as Brand is a lesson in the temptation of greater power. Seeking one of the legendary World Runes, Kegan betrayed his companions and seized it for himself—and, in an instant, the...",Brand,Brand.png,champion,48,champion0.png,48,144,48,2,2,4,9,63,Brand,Mana,21.88,3.5,57.04,3.0,550,0.625,1.36,0,0,519.68,88,5.5,0.55,340,469.0,21.0,10.665,0.6,30.0,0.5,['Mage'],the Burning Vengeance,10.14.1
0,"Blessed with massive biceps and an even bigger heart, Braum is a beloved hero of the Freljord. Every mead hall north of Frostheld toasts his legendary strength, said to have felled a forest of oaks in a single night, and punched an entire mountain into...",Braum,Braum.png,champion,48,champion0.png,48,192,48,3,9,3,4,201,Braum,Mana,47.0,4.0,55.376,3.2,125,0.644,3.5,0,0,540.0,98,8.5,1.0,335,310.6,45.0,6.0,0.8,32.1,1.25,"['Support', 'Tank']",the Heart of the Freljord,10.14.1
0,"Renowned as its finest peacekeeper, Caitlyn is also Piltover's best shot at ridding the city of its elusive criminal elements. She is often paired with Vi, acting as a cool counterpoint to her partner's more impetuous nature. Even though she carries a...",Caitlyn,Caitlyn.png,champion,48,champion0.png,48,240,48,8,2,6,2,51,Caitlyn,Mana,28.0,3.5,62.0,2.88,650,0.681,4.0,0,0,510.0,93,3.5,0.55,325,313.7,35.0,7.4,0.55,30.0,0.5,['Marksman'],the Sheriff of Piltover,10.14.1
0,"Weaponized to operate outside the boundaries of the law, Camille is the Principal Intelligencer of Clan Ferros—an elegant and elite agent who ensures the Piltover machine and its Zaunite underbelly runs smoothly. Adaptable and precise, she views sloppy...",Camille,Camille.png,champion,48,champion0.png,48,288,48,8,6,4,3,164,Camille,Mana,35.0,3.8,68.0,3.5,125,0.644,2.5,0,0,575.6,85,8.5,0.8,340,338.8,32.0,8.15,0.75,32.1,1.25,"['Fighter', 'Tank']",the Steel Shadow,10.14.1
0,"Cassiopeia is a deadly creature bent on manipulating others to her sinister will. Youngest and most beautiful daughter of the noble Du Couteau family of Noxus, she ventured deep into the crypts beneath Shurima in search of ancient power. There, she was...",Cassiopeia,Cassiopeia.png,champion,48,champion0.png,48,336,48,2,3,10,9,69,Cassiopeia,Mana,18.0,3.5,53.0,3.0,550,0.647,1.5,0,0,560.0,90,5.5,0.5,328,350.0,40.0,8.0,0.8,32.0,0.5,['Mage'],the Serpent's Embrace,10.14.1
0,"From the moment Cho'Gath first emerged into the harsh light of Runeterra's sun, the beast was driven by the most pure and insatiable hunger. A perfect expression of the Void's desire to consume all life, Cho'Gath's complex biology quickly converts...",Chogath,Chogath.png,champion,48,champion0.png,48,384,48,3,7,5,7,31,Cho'Gath,Mana,38.0,3.5,69.0,4.2,125,0.625,1.44,0,0,574.4,80,9.0,0.85,345,272.2,40.0,7.206,0.45,32.1,1.25,"['Tank', 'Mage']",the Terror of the Void,10.14.1
0,"The yordle pilot Corki loves two things above all others: flying, and his glamorous mustache... though not necessarily in that order. After leaving Bandle City, he settled in Piltover and fell in love with the wondrous machines he found there. He...",Corki,Corki.png,champion,48,champion0.png,48,432,48,8,3,6,6,42,Corki,Mana,28.0,3.5,55.0,2.5,550,0.638,2.3,0,0,518.0,87,5.5,0.55,325,350.16,34.0,7.424,0.55,30.0,0.5,['Marksman'],the Daring Bombardier,10.14.1
0,"There is no greater symbol of Noxian might than Darius, the nation's most feared and battle-hardened commander. Rising from humble origins to become the Hand of Noxus, he cleaves through the empire's enemies—many of them Noxians themselves. Knowing that...",Darius,Darius.png,champion,48,champion0.png,48,0,96,9,5,2,1,122,Darius,Mana,39.0,4.0,64.0,5.0,175,0.625,1.0,0,0,582.24,100,10.0,0.95,340,263.0,37.5,6.6,0.35,32.1,1.25,"['Fighter', 'Tank']",the Hand of Noxus,10.14.1
0,"Bearing her crescent moonblade, Diana fights as a warrior of the Lunari—a faith all but quashed in the lands around Mount Targon. Clad in shimmering armor the color of winter snow at night, she is a living embodiment of the silver moon's power. Imbued...",Diana,Diana.png,champion,48,champion0.png,48,48,96,7,6,4,8,131,Diana,Mana,31.0,3.6,57.0,3.0,150,0.625,2.25,0,0,570.0,95,7.5,0.85,345,375.0,25.0,8.0,0.8,32.1,1.25,"['Fighter', 'Mage']",Scorn of the Moon,10.14.1
0,"In Noxus, warriors known as Reckoners face one another in arenas where blood is spilled and strength tested—but none has ever been as celebrated as Draven. A former soldier, he found that the crowds uniquely appreciated his flair for the dramatic, and...",Draven,Draven.png,champion,48,champion0.png,48,96,96,9,3,8,1,119,Draven,Mana,29.0,3.3,60.0,3.61,550,0.679,2.7,0,0,605.0,90,3.75,0.7,330,360.56,39.0,8.042,0.65,30.0,0.5,['Marksman'],the Glorious Executioner,10.14.1
0,"Utterly insane, unrepentantly homicidal, and horrifyingly purple, Dr. Mundo is what keeps many of Zaun's citizens indoors on particularly dark nights. This monosyllabic monstrosity seems to want nothing more than pain—both the giving of it, and the...",DrMundo,DrMundo.png,champion,48,champion0.png,48,144,96,5,7,5,6,36,Dr. Mundo,None,36.0,3.5,61.27,3.5,125,0.721,2.8,0,0,582.52,89,8.0,0.75,345,0.0,0.0,0.0,0.0,32.1,1.25,"['Fighter', 'Tank']",the Madman of Zaun,10.14.1
0,"A prodigy from the rough streets of Zaun, Ekko manipulates time to twist any situation to his advantage. Using his own invention, the Zero Drive, he explores the branching possibilities of reality to craft the perfect moment. Though he revels in this...",Ekko,Ekko.png,champion,48,champion0.png,48,192,96,5,3,8,7,245,Ekko,Mana,32.0,3.0,58.0,3.0,125,0.688,3.3,0,0,585.0,85,9.0,0.9,340,280.0,50.0,7.0,0.8,32.0,1.25,"['Assassin', 'Fighter']",the Boy Who Shattered Time,10.14.1
0,"Elise is a deadly predator who dwells in a shuttered, lightless palace, deep within the oldest city of Noxus. Once mortal, she was the mistress of a powerful house, but the bite of a vile demigod transformed her into something beautiful, yet utterly...",Elise,Elise.png,champion,48,champion0.png,48,240,96,6,5,9,7,60,Elise,Mana,27.0,3.35,55.0,3.0,550,0.625,1.75,0,0,534.0,93,5.5,0.6,330,324.0,50.0,6.0,0.8,30.0,0.5,"['Mage', 'Fighter']",the Spider Queen,10.14.1
0,"Within the dark seams of Runeterra, the demon Evelynn searches for her next victim. She lures in prey with the voluptuous façade of a human female, but once a person succumbs to her charms, Evelynn's true form is unleashed. She then subjects her victim...",Evelynn,Evelynn.png,champion,48,champion0.png,48,288,96,4,2,10,7,28,Evelynn,Mana,37.0,3.5,61.0,3.0,125,0.667,2.1,0,0,572.0,84,8.5,0.75,335,315.6,42.0,8.108,0.6,32.1,1.25,"['Assassin', 'Mage']",Agony's Embrace,10.14.1
0,"A dashing adventurer, unknowingly gifted in the magical arts, Ezreal raids long-lost catacombs, tangles with ancient curses, and overcomes seemingly impossible odds with ease. His courage and bravado knowing no bounds, he prefers to improvise his way...",Ezreal,Ezreal.png,champion,48,champion0.png,48,336,96,7,2,7,6,81,Ezreal,Mana,22.0,3.5,60.0,2.5,550,0.625,2.5,0,0,530.0,88,4.0,0.55,325,375.0,50.0,8.5,0.65,30.0,0.5,"['Marksman', 'Mage']",the Prodigal Explorer,10.14.1
0,"Something has awoken in Runeterra. Something ancient. Something terrible. The ageless horror known as Fiddlesticks stalks the edges of mortal society, drawn to areas thick with paranoia where it feeds upon terrorized victims. Wielding a jagged scythe...",Fiddlesticks,Fiddlesticks.png,champion,48,champion0.png,48,384,96,2,3,9,9,9,Fiddlesticks,Mana,34.0,3.5,55.36,2.625,480,0.625,2.11,0,0,580.4,92,5.5,0.6,335,500.0,28.0,8.0,0.8,30.0,0.5,"['Mage', 'Support']",the Ancient Fear,10.14.1
0,"The most feared duelist in all Valoran, Fiora is as renowned for her brusque manner and cunning mind as she is for the speed of her bluesteel rapier. Born to House Laurent in the kingdom of Demacia, Fiora took control of the family from her father in...",Fiora,Fiora.png,champion,48,champion0.png,48,432,96,10,4,3,2,114,Fiora,Mana,33.0,3.5,68.0,3.3,150,0.69,3.2,0,0,550.0,85,8.5,0.55,345,300.0,40.0,8.0,0.7,32.1,1.25,"['Fighter', 'Assassin']",the Grand Duelist,10.14.1
0,"Fizz is an amphibious yordle, who dwells among the reefs surrounding Bilgewater. He often retrieves and returns the tithes cast into the sea by superstitious captains, but even the saltiest of sailors know better than to cross him—for many are the tales...",Fizz,Fizz.png,champion,48,champion1.png,48,0,0,6,4,6,7,105,Fizz,Mana,22.412,3.4,58.04,3.0,175,0.658,3.1,0,0,570.0,98,8.0,0.7,335,317.2,37.0,6.0,0.8,32.1,1.25,"['Assassin', 'Fighter']",the Tidal Trickster,10.14.1
0,"Outside the gleaming city of Demacia, the stone colossus Galio keeps vigilant watch. Built as a bulwark against enemy mages, he often stands motionless for decades until the presence of powerful magic stirs him to life. Once activated, Galio makes the...",Galio,Galio.png,champion,48,champion1.png,48,48,0,1,10,5,6,3,Galio,Mana,24.0,3.5,59.0,3.5,150,0.625,1.5,0,0,562.0,112,8.0,0.8,335,500.0,40.0,9.5,0.7,32.0,1.25,"['Tank', 'Mage']",the Colossus,10.14.1
0,"As unpredictable as he is brutal, the dethroned reaver king Gangplank is feared far and wide. Once, he ruled the port city of Bilgewater, and while his reign is over, there are those who believe this has only made him more dangerous. Gangplank would see...",Gangplank,Gangplank.png,champion,48,champion1.png,48,96,0,7,6,9,4,41,Gangplank,Mana,35.0,3.0,64.0,3.0,125,0.658,3.2,0,0,540.0,82,6.0,0.6,345,282.0,40.0,7.5,0.7,32.1,1.25,['Fighter'],the Saltwater Scourge,10.14.1
0,"A proud and noble warrior, Garen fights as one of the Dauntless Vanguard. He is popular among his fellows, and respected well enough by his enemies—not least as a scion of the prestigious Crownguard family, entrusted with defending Demacia and its...",Garen,Garen.png,champion,48,champion1.png,48,144,0,7,7,5,1,86,Garen,None,36.0,3.0,66.0,4.5,175,0.625,3.65,0,0,620.0,84,8.0,0.5,340,0.0,0.0,0.0,0.0,32.1,0.75,"['Fighter', 'Tank']",The Might of Demacia,10.14.1
0,"Gnar is a primeval yordle whose playful antics can erupt into a toddler's outrage in an instant, transforming him into a massive beast bent on destruction. Frozen in True Ice for millennia, the curious creature broke free and now hops about a changed...",Gnar,Gnar.png,champion,48,champion1.png,48,192,0,6,5,8,5,150,Gnar,Rage,32.0,2.5,59.0,3.0,175,0.625,6.0,0,0,510.0,65,4.5,1.75,335,100.0,0.0,0.0,0.0,30.0,0.5,"['Fighter', 'Tank']",the Missing Link,10.14.1
0,"Equal parts jolly and imposing, Gragas is a massive, rowdy brewmaster on his own quest for the perfect pint of ale. Hailing from parts unknown, he now searches for rare ingredients among the unblemished wastes of the Freljord, trying each recipe as he...",Gragas,Gragas.png,champion,48,champion1.png,48,240,0,4,7,5,6,79,Gragas,Mana,35.0,3.6,64.0,3.5,125,0.675,2.05,0,0,600.0,95,5.5,0.5,330,400.0,47.0,6.0,0.8,32.1,1.25,"['Fighter', 'Mage']",the Rabble Rouser,10.14.1
0,"Malcolm Graves is a renowned mercenary, gambler, and thief—a wanted man in every city and empire he has visited. Even though he has an explosive temper, he possesses a strict sense of criminal honor, often enforced at the business end of his...",Graves,Graves.png,champion,48,champion1.png,48,288,0,8,5,3,3,104,Graves,Mana,33.0,3.4,68.0,3.0,425,0.475,2.6,0,0,555.0,92,8.0,0.7,340,325.0,40.0,8.0,0.7,32.0,1.25,['Marksman'],the Outlaw,10.14.1
0,"Hecarim is a spectral fusion of man and beast, cursed to ride down the souls of the living for all eternity. When the Blessed Isles fell into shadow, this proud knight was obliterated by the destructive energies of the Ruination, along with all his...",Hecarim,Hecarim.png,champion,48,champion1.png,48,336,0,8,6,6,4,120,Hecarim,Mana,36.0,4.0,66.0,3.2,175,0.67,2.5,0,0,580.0,90,7.0,0.75,345,277.2,40.0,6.5,0.6,32.1,1.25,"['Fighter', 'Tank']",the Shadow of War,10.14.1
0,"A brilliant yet eccentric yordle scientist, Professor Cecil B. Heimerdinger is one of the most innovative and esteemed inventors Piltover has ever known. Relentless in his work to the point of neurotic obsession, he thrives on answering the universe's...",Heimerdinger,Heimerdinger.png,champion,48,champion1.png,48,384,0,2,6,8,8,74,Heimerdinger,Mana,19.04,3.0,55.536,2.7,550,0.625,1.36,0,0,488.0,87,7.0,0.55,340,385.0,20.0,8.0,0.8,30.0,0.5,"['Mage', 'Support']",the Revered Inventor,10.14.1
0,"Illaoi's powerful physique is dwarfed only by her indomitable faith. As the prophet of the Great Kraken, she uses a huge, golden idol to rip her foes' spirits from their bodies and shatter their perception of reality. All who challenge the “Truth Bearer...",Illaoi,Illaoi.png,champion,48,champion1.png,48,432,0,8,6,4,3,420,Illaoi,Mana,35.0,3.8,68.0,5.0,125,0.571,2.5,0,0,585.6,95,9.5,0.8,340,300.0,40.0,7.5,0.75,32.1,1.25,"['Fighter', 'Tank']",the Kraken Priestess,10.14.1
0,"The Noxian occupation of Ionia produced many heroes, none more unlikely than young Irelia of Navori. Trained in the ancient dances of her province, she adapted her art for war, using the graceful and carefully practised movements to levitate a host of...",Irelia,Irelia.png,champion,48,champion1.png,48,0,48,7,4,5,5,39,Irelia,Mana,36.0,3.0,63.0,4.0,200,0.656,2.5,0,0,580.0,95,8.5,0.85,335,350.0,30.0,8.0,0.8,32.0,1.25,"['Fighter', 'Assassin']",the Blade Dancer,10.14.1
0,"Ivern Bramblefoot, known to many as the Green Father, is a peculiar half man, half tree who roams Runeterra's forests, cultivating life everywhere he goes. He knows the secrets of the natural world, and holds deep friendships with all things that grow...",Ivern,Ivern.png,champion,48,champion1.png,48,48,48,3,5,7,7,427,Ivern,Mana,27.0,3.5,50.0,3.0,475,0.644,3.4,0,0,585.0,95,7.0,0.85,330,450.0,60.0,6.0,0.75,32.1,1.25,"['Support', 'Mage']",the Green Father,10.14.1
0,"Armed with the power of Runeterra's gales, Janna is a mysterious, elemental wind spirit who protects the dispossessed of Zaun. Some believe she was brought into existence by the pleas of Runeterra's sailors who prayed for fair winds as they navigated...",Janna,Janna.png,champion,48,champion1.png,48,96,48,3,5,7,7,40,Janna,Mana,28.0,3.8,46.0,1.5,550,0.625,2.95,0,0,500.0,70,5.5,0.55,315,350.0,64.0,11.5,0.4,30.0,0.5,"['Support', 'Mage']",the Storm's Fury,10.14.1
0,"Prince Jarvan, scion of the Lightshield dynasty, is heir apparent to the throne of Demacia. Raised to be a paragon of his nation's greatest virtues, he is forced to balance the heavy expectations placed upon him with his own desire to fight on the front...",JarvanIV,JarvanIV.png,champion,48,champion1.png,48,144,48,6,8,5,3,59,Jarvan IV,Mana,34.0,3.6,64.0,3.4,175,0.658,2.5,0,0,570.0,90,8.0,0.7,340,300.0,40.0,6.5,0.45,32.1,1.25,"['Tank', 'Fighter']",the Exemplar of Demacia,10.14.1
0,"Unmatched in both his skill with unique armaments and his biting sarcasm, Jax is the last known weapons master of Icathia. After his homeland was laid low by its own hubris in unleashing the Void, Jax and his kind vowed to protect what little remained...",Jax,Jax.png,champion,48,champion1.png,48,192,48,7,5,5,7,24,Jax,Mana,36.0,3.0,68.0,3.375,125,0.638,3.4,0,0,592.8,85,8.5,0.55,350,338.8,32.0,7.576,0.7,32.1,1.25,"['Fighter', 'Assassin']",Grandmaster at Arms,10.14.1
0,"Jayce is a brilliant inventor who has pledged his life to the defense of Piltover and its unyielding pursuit of progress. With his transforming hextech hammer in hand, Jayce uses his strength, courage, and considerable intelligence to protect his...",Jayce,Jayce.png,champion,48,champion1.png,48,240,48,8,4,7,3,126,Jayce,Mana,27.0,3.5,54.0,4.25,125,0.658,3.0,0,0,560.0,90,6.0,0.6,335,375.0,45.0,6.0,0.8,30.0,0.5,"['Fighter', 'Marksman']",the Defender of Tomorrow,10.14.1
0,"Jhin is a meticulous criminal psychopath who believes murder is art. Once an Ionian prisoner, but freed by shadowy elements within Ionia's ruling council, the serial killer now works as their cabal's assassin. Using his gun as his paintbrush, Jhin...",Jhin,Jhin.png,champion,48,champion1.png,48,288,48,10,2,6,6,202,Jhin,Mana,24.0,3.5,59.0,4.7,550,0.625,0.0,0,0,585.0,93,3.75,0.55,330,300.0,50.0,6.0,0.8,30.0,0.5,"['Marksman', 'Mage']",the Virtuoso,10.14.1
0,"A manic and impulsive criminal from Zaun, Jinx lives to wreak havoc without care for the consequences. With an arsenal of deadly weapons, she unleashes the loudest blasts and brightest explosions to leave a trail of mayhem and panic in her wake. Jinx...",Jinx,Jinx.png,champion,48,champion1.png,48,336,48,9,2,6,4,222,Jinx,Mana,28.0,3.5,57.0,3.4,525,0.625,1.0,0,0,610.0,86,3.75,0.5,325,245.0,45.0,6.7,1.0,30.0,0.5,['Marksman'],the Loose Cannon,10.14.1
0,"Claimed by the Void when she was only a child, Kai'Sa managed to survive through sheer tenacity and strength of will. Her experiences have made her a deadly hunter and, to some, the harbinger of a future they would rather not live to see. Having entered...",Kaisa,Kaisa.png,champion,48,champion1.png,48,384,48,8,5,6,3,145,Kai'Sa,Mana,28.0,3.0,59.0,1.7,525,0.644,1.8,0,0,600.0,88,3.5,0.55,335,344.88,38.0,8.2,0.45,30.0,0.5,['Marksman'],Daughter of the Void,10.14.1
0,"A specter of wrath and retribution, Kalista is the undying spirit of vengeance, an armored nightmare summoned from the Shadow Isles to hunt deceivers and traitors. The betrayed may cry out in blood to be avenged, but Kalista only answers those willing...",Kalista,Kalista.png,champion,48,champion1.png,48,432,48,8,2,7,4,429,Kalista,Mana,21.0,4.0,69.0,3.5,525,0.694,4.0,0,0,534.0,100,3.75,0.55,325,250.0,45.0,6.3,0.4,30.0,0.5,['Marksman'],the Spear of Vengeance,10.14.1
0,"No mortal exemplifies the spiritual traditions of Ionia more than Karma. She is the living embodiment of an ancient soul reincarnated countless times, carrying all her accumulated memories into each new life, and blessed with power that few can...",Karma,Karma.png,champion,48,champion1.png,48,0,96,1,7,5,8,43,Karma,Mana,26.0,3.8,53.544,3.3,525,0.625,2.3,0,0,534.0,95,5.5,0.55,335,374.0,50.0,11.5,0.5,30.0,0.5,"['Mage', 'Support']",the Enlightened One,10.14.1
0,"The harbinger of oblivion, Karthus is an undying spirit whose haunting songs are a prelude to the horror of his nightmarish appearance. The living fear the eternity of undeath, but Karthus sees only beauty and purity in its embrace, a perfect union of...",Karthus,Karthus.png,champion,48,champion1.png,48,48,96,2,2,7,10,30,Karthus,Mana,20.88,3.5,45.66,3.25,450,0.625,2.11,0,0,550.0,87,6.5,0.55,335,467.0,30.5,8.0,0.8,30.0,0.5,['Mage'],the Deathsinger,10.14.1
0,"Cutting a burning swath through the darkest places of the world, Kassadin knows his days are numbered. A widely traveled Shuriman guide and adventurer, he had chosen to raise a family among the peaceful southern tribes—until the day his village was...",Kassadin,Kassadin.png,champion,48,champion1.png,48,96,96,3,5,8,8,38,Kassadin,Mana,19.0,2.8,58.852,3.9,150,0.64,3.7,0,0,576.0,90,6.0,0.5,335,397.6,67.0,6.0,0.8,30.0,0.5,"['Assassin', 'Mage']",the Void Walker,10.14.1
0,"Decisive in judgment and lethal in combat, Katarina is a Noxian assassin of the highest caliber. Eldest daughter to the legendary General Du Couteau, she made her talents known with swift kills against unsuspecting enemies. Her fiery ambition has driven...",Katarina,Katarina.png,champion,48,champion1.png,48,144,96,4,3,8,9,55,Katarina,None,27.88,3.5,58.0,3.2,125,0.658,2.74,0,0,602.0,94,7.5,0.7,340,0.0,0.0,0.0,0.0,32.1,1.25,"['Assassin', 'Mage']",the Sinister Blade,10.14.1
0,"Born to a Targonian Aspect at the height of the Rune Wars, Kayle honored her mother's legacy by fighting for justice on wings of divine flame. She and her twin sister Morgana were the protectors of Demacia for many years—until Kayle became disillusioned...",Kayle,Kayle.png,champion,48,champion1.png,48,192,96,6,6,7,7,10,Kayle,Mana,26.0,3.0,50.0,2.5,175,0.625,1.5,0,0,600.0,85,5.0,0.5,335,330.0,50.0,8.0,0.8,34.0,0.5,"['Fighter', 'Support']",the Righteous,10.14.1
0,"A peerless practitioner of lethal shadow magic, Shieda Kayn battles to achieve his true destiny—to one day lead the Order of Shadow into a new era of Ionian supremacy. He wields the sentient darkin weapon Rhaast, undeterred by its creeping corruption of...",Kayn,Kayn.png,champion,48,champion1.png,48,240,96,10,6,8,1,141,Kayn,Mana,38.0,3.3,68.0,3.3,175,0.669,2.7,0,0,585.0,85,8.0,0.75,340,410.0,50.0,11.5,0.95,32.1,1.25,"['Fighter', 'Assassin']",the Shadow Reaper,10.14.1
0,"More than just the lightning-quick enforcer of Ionian balance, Kennen is the only yordle member of the Kinkou. Despite his small, furry stature, he is eager to take on any threat with a whirling storm of shuriken and boundless enthusiasm. Alongside his...",Kennen,Kennen.png,champion,48,champion1.png,48,288,96,6,4,4,7,85,Kennen,Energy,29.0,3.75,48.0,3.75,550,0.625,3.4,0,0,541.0,84,5.5,0.65,335,200.0,0.0,50.0,0.0,30.0,0.5,"['Mage', 'Marksman']",the Heart of the Tempest,10.14.1
0,"The Void grows, and the Void adapts—in none of its myriad spawn are these truths more apparent than Kha'Zix. Evolution drives the core of this mutating horror, born to survive and to slay the strong. Where it struggles to do so, it grows new, more...",Khazix,Khazix.png,champion,48,champion1.png,48,336,96,9,4,6,3,121,Kha'Zix,Mana,36.0,3.0,63.0,3.1,125,0.668,2.7,0,0,572.8,85,7.5,0.75,350,327.2,40.0,7.59,0.5,32.1,1.25,['Assassin'],the Voidreaver,10.14.1
0,"Separate, but never parted, Kindred represents the twin essences of death. Lamb's bow offers a swift release from the mortal realm for those who accept their fate. Wolf hunts down those who run from their end, delivering violent finality within his...",Kindred,Kindred.png,champion,48,champion1.png,48,384,96,8,2,4,2,203,Kindred,Mana,29.0,3.5,65.0,2.5,500,0.625,3.5,0,0,540.0,85,7.0,0.55,325,300.0,35.0,7.0,0.4,30.0,0.5,['Marksman'],The Eternal Hunters,10.14.1
0,"A warrior as fearless as he is ornery, the yordle Kled embodies the furious bravado of Noxus. He is an icon beloved by the empire's soldiers, distrusted by its officers, and loathed by the nobility. Many claim Kled has fought in every campaign the...",Kled,Kled.png,champion,48,champion1.png,48,432,96,8,2,7,2,240,Kled,Courage,35.0,4.0,65.0,3.5,125,0.625,3.5,0,0,340.0,70,6.0,0.75,345,100.0,0.0,0.0,0.0,32.1,1.25,"['Fighter', 'Tank']",the Cantankerous Cavalier,10.14.1
0,"Belched forth from a rotting Void incursion deep in the wastelands of Icathia, Kog'Maw is an inquisitive yet putrid creature with a caustic, gaping mouth. This particular Void-spawn needs to gnaw and drool on anything within reach to truly understand it...",KogMaw,KogMaw.png,champion,48,champion2.png,48,0,0,8,2,6,5,96,Kog'Maw,Mana,24.0,3.5,61.0,3.11,500,0.665,2.65,0,0,565.0,90,3.75,0.55,330,325.0,40.0,8.75,0.7,30.0,0.5,"['Marksman', 'Mage']",the Mouth of the Abyss,10.14.1
0,"Mysterious even to other members of the Black Rose cabal, LeBlanc is but one of many names for a pale woman who has manipulated people and events since the earliest days of Noxus. Using her magic to mirror herself, the sorceress can appear to anyone...",Leblanc,Leblanc.png,champion,48,champion2.png,48,48,0,1,4,9,10,7,LeBlanc,Mana,21.88,3.5,54.88,3.5,525,0.625,1.4,0,0,528.0,92,7.5,0.55,340,334.0,50.0,6.0,0.8,30.0,0.5,"['Assassin', 'Mage']",the Deceiver,10.14.1
0,"A master of Ionia's ancient martial arts, Lee Sin is a principled fighter who channels the essence of the dragon spirit to face any challenge. Though he lost his sight many years ago, the warrior-monk has devoted his life to protecting his homeland...",LeeSin,LeeSin.png,champion,48,champion2.png,48,96,0,8,5,6,3,64,Lee Sin,Energy,33.0,3.7,70.0,3.2,125,0.651,3.0,0,0,575.0,85,7.5,0.7,345,200.0,0.0,50.0,0.0,32.1,1.25,"['Fighter', 'Assassin']",the Blind Monk,10.14.1
0,"Imbued with the fire of the sun, Leona is a holy warrior of the Solari who defends Mount Targon with her Zenith Blade and the Shield of Daybreak. Her skin shimmers with starfire while her eyes burn with the power of the celestial Aspect within her...",Leona,Leona.png,champion,48,champion2.png,48,144,0,4,8,4,3,89,Leona,Mana,47.0,3.6,60.04,3.0,125,0.625,2.9,0,0,576.16,87,8.5,0.85,335,302.2,40.0,6.0,0.8,32.1,1.25,"['Tank', 'Support']",the Radiant Dawn,10.14.1
0,"Lissandra's magic twists the pure power of ice into something dark and terrible. With the force of her black ice, she does more than freeze—she impales and crushes those who oppose her. To the terrified denizens of the north, she is known only as ''The...",Lissandra,Lissandra.png,champion,48,champion2.png,48,192,0,2,5,6,8,127,Lissandra,Mana,22.0,3.7,53.0,2.7,550,0.656,1.36,0,0,550.0,90,7.0,0.55,325,475.0,30.0,8.0,0.4,30.0,0.5,['Mage'],the Ice Witch,10.14.1
0,"Lucian, a Sentinel of Light, is a grim hunter of undying spirits, pursuing them relentlessly and annihilating them with his twin relic pistols. After the wraith Thresh slew his wife, Lucian embarked on the path of vengeance—but even with her return to...",Lucian,Lucian.png,champion,48,champion2.png,48,240,0,8,5,6,3,236,Lucian,Mana,28.0,3.0,64.0,2.75,500,0.638,3.3,0,0,571.0,86,3.75,0.65,335,348.88,38.0,8.176,0.7,30.0,0.5,['Marksman'],the Purifier,10.14.1
0,"The yordle mage Lulu is known for conjuring dreamlike illusions and fanciful creatures as she roams Runeterra with her fairy companion Pix. Lulu shapes reality on a whim, warping the fabric of the world, and what she views as the constraints of this...",Lulu,Lulu.png,champion,48,champion2.png,48,288,0,4,5,5,7,117,Lulu,Mana,29.0,3.7,47.0,2.6,550,0.625,2.25,0,0,525.0,74,6.0,0.6,330,350.0,55.0,11.0,0.6,30.0,0.5,"['Support', 'Mage']",the Fae Sorceress,10.14.1
0,"Luxanna Crownguard hails from Demacia, an insular realm where magical abilities are viewed with fear and suspicion. Able to bend light to her will, she grew up dreading discovery and exile, and was forced to keep her power secret, in order to preserve...",Lux,Lux.png,champion,48,champion2.png,48,336,0,2,4,5,9,99,Lux,Mana,18.72,4.0,53.54,3.3,550,0.669,1.0,0,0,490.0,85,5.5,0.55,330,480.0,23.5,8.0,0.8,30.0,0.5,"['Mage', 'Support']",the Lady of Luminosity,10.14.1
0,"A massive creature of living stone, Malphite struggles to impose blessed order on a chaotic world. Birthed as a servitor-shard to an otherworldly obelisk known as the Monolith, he used his tremendous elemental strength to maintain and protect his...",Malphite,Malphite.png,champion,48,champion2.png,48,384,0,5,9,2,7,54,Malphite,Mana,37.0,3.75,61.97,4.0,125,0.736,3.4,0,0,574.2,90,7.0,0.55,335,282.2,40.0,7.324,0.55,32.1,1.25,"['Tank', 'Fighter']",Shard of the Monolith,10.14.1
0,"A zealous seer dedicated to the unification of all life, Malzahar truly believes the newly emergent Void to be the path to Runeterra's salvation. In the desert wastes of Shurima, he followed the voices that whispered in his mind, all the way to ancient...",Malzahar,Malzahar.png,champion,48,champion2.png,48,432,0,2,2,6,9,90,Malzahar,Mana,18.0,3.5,55.0,3.0,500,0.625,1.5,0,0,537.0,87,6.0,0.6,335,375.0,27.5,8.0,0.8,30.0,0.5,"['Mage', 'Assassin']",the Prophet of the Void,10.14.1
0,"Maokai is a rageful, towering treant who fights the unnatural horrors of the Shadow Isles. He was twisted into a force of vengeance after a magical cataclysm destroyed his home, surviving undeath only through the Waters of Life infused within his...",Maokai,Maokai.png,champion,48,champion2.png,48,0,48,3,8,3,6,57,Maokai,Mana,39.0,4.0,63.54,3.3,125,0.8,2.125,0,0,565.0,95,5.0,0.75,335,375.0,43.0,7.2,0.6,32.1,1.25,"['Tank', 'Mage']",the Twisted Treant,10.14.1
0,"Master Yi has tempered his body and sharpened his mind, so that thought and action have become almost as one. Though he chooses to enter into violence only as a last resort, the grace and speed of his blade ensures resolution is always swift. As one of...",MasterYi,MasterYi.png,champion,48,champion2.png,48,48,48,10,4,4,2,11,Master Yi,Mana,33.0,3.0,66.0,3.0,125,0.679,2.0,0,0,598.56,92,7.5,0.65,355,250.56,42.0,7.256,0.45,32.1,1.25,"['Assassin', 'Fighter']",the Wuju Bladesman,10.14.1
0,"A Bilgewater captain famed for her looks but feared for her ruthlessness, Sarah Fortune paints a stark figure among the hardened criminals of the port city. As a child, she witnessed the reaver king Gangplank murder her family—an act she brutally...",MissFortune,MissFortune.png,champion,48,champion2.png,48,96,48,8,2,1,5,21,Miss Fortune,Mana,28.0,3.0,50.0,2.7,550,0.656,2.25,0,0,570.0,93,3.75,0.65,325,325.84,35.0,8.042,0.65,30.0,0.5,['Marksman'],the Bounty Hunter,10.14.1
0,"Wukong is a vastayan trickster who uses his strength, agility, and intelligence to confuse his opponents and gain the upper hand. After finding a lifelong friend in the warrior known as Master Yi, Wukong became the last student of the ancient martial...",MonkeyKing,MonkeyKing.png,champion,48,champion2.png,48,144,48,8,5,3,2,62,Wukong,Mana,31.0,3.5,68.0,4.0,175,0.711,3.0,0,0,540.0,85,4.0,0.65,345,300.0,45.0,8.0,0.65,28.0,1.25,"['Fighter', 'Tank']",the Monkey King,10.14.1
0,"Twice slain and thrice born, Mordekaiser is a brutal warlord from a foregone epoch who uses his necromantic sorcery to bind souls into an eternity of servitude. Few now remain who remember his earlier conquests, or know the true extent of his powers—but...",Mordekaiser,Mordekaiser.png,champion,48,champion2.png,48,192,48,4,6,4,7,82,Mordekaiser,Shield,37.0,3.0,61.0,4.0,175,0.625,1.0,0,0,575.0,90,5.0,0.75,335,100.0,0.0,0.0,0.0,32.0,1.25,['Fighter'],the Iron Revenant,10.14.1
0,"Conflicted between her celestial and mortal natures, Morgana bound her wings to embrace humanity, and inflicts her pain and bitterness upon the dishonest and the corrupt. She rejects laws and traditions she believes are unjust, and fights for truth from...",Morgana,Morgana.png,champion,48,champion2.png,48,240,48,1,6,1,8,25,Morgana,Mana,25.0,3.8,56.0,3.5,450,0.625,1.53,0,0,560.0,90,5.5,0.4,335,340.0,60.0,11.0,0.4,30.0,0.5,"['Mage', 'Support']",the Fallen,10.14.1
0,"A headstrong young vastaya of the seas, Nami was the first of the Marai tribe to leave the waves and venture onto dry land, when their ancient accord with the Targonians was broken. With no other option, she took it upon herself to complete the sacred...",Nami,Nami.png,champion,48,champion2.png,48,288,48,4,3,5,7,267,Nami,Mana,29.0,4.0,51.208,3.1,550,0.644,2.61,0,0,475.0,74,5.5,0.55,335,365.0,43.0,11.5,0.4,30.0,0.5,"['Support', 'Mage']",the Tidecaller,10.14.1
0,"Nasus is an imposing, jackal-headed Ascended being from ancient Shurima, a heroic figure regarded as a demigod by the people of the desert. Fiercely intelligent, he was a guardian of knowledge and peerless strategist whose wisdom guided the ancient...",Nasus,Nasus.png,champion,48,champion2.png,48,336,48,7,5,6,6,75,Nasus,Mana,34.0,3.5,67.0,3.5,125,0.638,3.48,0,0,561.2,90,9.0,0.9,350,325.6,42.0,7.44,0.5,32.1,1.25,"['Fighter', 'Tank']",the Curator of the Sands,10.14.1
0,"A lonely legend as old as the first piers sunk in Bilgewater, the armored goliath known as Nautilus roams the dark waters off the coast of the Blue Flame Isles. Driven by a forgotten betrayal, he strikes without warning, swinging his enormous anchor to...",Nautilus,Nautilus.png,champion,48,champion2.png,48,384,48,4,6,6,6,111,Nautilus,Mana,39.0,3.75,61.0,3.3,175,0.706,1.0,0,0,576.48,86,8.5,0.55,325,400.0,47.0,8.626,0.5,32.1,1.25,"['Tank', 'Fighter']",the Titan of the Depths,10.14.1
0,"Hailing from a long lost tribe of vastaya, Neeko can blend into any crowd by borrowing the appearances of others, even absorbing something of their emotional state to tell friend from foe in an instant. No one is ever sure where—or who—Neeko might be...",Neeko,Neeko.png,champion,48,champion2.png,48,432,48,1,1,5,9,518,Neeko,Mana,21.0,4.0,48.0,2.5,550,0.625,3.5,0,0,540.0,90,7.5,0.75,340,450.0,30.0,7.0,0.7,30.0,0.5,"['Mage', 'Support']",the Curious Chameleon,10.14.1
0,"Raised in the deepest jungle, Nidalee is a master tracker who can shapeshift into a ferocious cougar at will. Neither wholly woman nor beast, she viciously defends her territory from any and all trespassers, with carefully placed traps and deft spear...",Nidalee,Nidalee.png,champion,48,champion2.png,48,0,96,5,4,8,7,76,Nidalee,Mana,28.0,3.5,61.0,3.5,525,0.638,3.22,0,0,545.0,85,6.0,0.6,335,295.6,45.0,6.0,0.8,30.0,0.5,"['Assassin', 'Mage']",the Bestial Huntress,10.14.1
0,"A demonic amalgamation drawn from the nightmares that haunt every sentient mind, the thing known as Nocturne has become a primordial force of pure evil. It is liquidly chaotic in aspect, a faceless shadow with cold eyes and armed with wicked-looking...",Nocturne,Nocturne.png,champion,48,champion2.png,48,48,96,9,5,4,2,56,Nocturne,Mana,38.0,3.5,62.0,3.1,125,0.721,2.7,0,0,585.0,85,7.0,0.75,345,275.0,35.0,7.0,0.45,32.1,0.75,"['Assassin', 'Fighter']",the Eternal Nightmare,10.14.1
0,"Once upon a time, there was a boy who wanted to prove he was a hero by slaying a fearsome monster—only to discover that the beast, a lonely and magical yeti, merely needed a friend. Bound together by ancient power and a shared love of snowballs, Nunu...",Nunu,Nunu.png,champion,48,champion2.png,48,96,96,4,6,4,7,20,Nunu & Willump,Mana,32.0,3.0,61.0,3.0,125,0.625,2.25,0,0,570.0,82,5.0,0.8,345,280.0,42.0,7.0,0.5,32.1,1.25,"['Tank', 'Fighter']",the Boy and His Yeti,10.14.1
0,"An unstoppable force of destruction, the axe-wielding Olaf wants nothing but to die in glorious combat. Hailing from the brutal Freljordian peninsula of Lokfar, he once received a prophecy foretelling his peaceful passing—a coward's fate, and a great...",Olaf,Olaf.png,champion,48,champion2.png,48,144,96,9,5,3,3,2,Olaf,Mana,35.0,3.0,68.0,3.5,125,0.694,2.7,0,0,597.24,93,8.5,0.9,350,315.6,42.0,7.466,0.575,32.1,1.25,"['Fighter', 'Tank']",the Berserker,10.14.1
0,"Once a curious girl of flesh and blood, Orianna is now a technological marvel comprised entirely of clockwork. She became gravely ill after an accident in the lower districts of Zaun, and her failing body had to be replaced with exquisite artifice...",Orianna,Orianna.png,champion,48,champion2.png,48,192,96,4,3,7,9,61,Orianna,Mana,17.04,3.0,40.368,2.6,525,0.658,3.5,0,0,530.0,91,7.0,0.55,325,418.0,25.0,8.0,0.8,26.0,0.5,"['Mage', 'Support']",the Lady of Clockwork,10.14.1
0,"Ornn is the Freljordian spirit of forging and craftsmanship. He works in the solitude of a massive smithy, hammered out from the lava caverns beneath the volcano Hearth-Home. There he stokes bubbling cauldrons of molten rock to purify ores and fashion...",Ornn,Ornn.png,champion,48,champion2.png,48,240,96,5,9,5,3,516,Ornn,Mana,36.0,4.0,69.0,3.5,175,0.625,2.0,0,0,590.0,95,9.0,0.9,335,340.6,45.0,8.01,0.6,32.1,1.25,"['Tank', 'Fighter']",The Fire below the Mountain,10.14.1
0,"Once an unwilling host to the Aspect of War, Atreus survived when the celestial power within him was slain, refusing to succumb to a blow that tore stars from the heavens. In time, he learned to embrace the power of his own mortality, and the stubborn...",Pantheon,Pantheon.png,champion,48,champion2.png,48,288,96,9,4,4,3,80,Pantheon,Mana,40.0,3.75,64.0,3.3,175,0.644,2.95,0,0,580.0,95,10.0,0.65,355,317.12,31.0,7.356,0.45,28.0,1.25,"['Fighter', 'Assassin']",the Unbreakable Spear,10.14.1
0,"Runeterra has no shortage of valiant champions, but few are as tenacious as Poppy. Bearing the legendary hammer of Orlon, a weapon twice her size, this determined yordle has spent untold years searching in secret for the fabled “Hero of Demacia,” said...",Poppy,Poppy.png,champion,48,champion2.png,48,336,96,6,7,6,2,78,Poppy,Mana,38.0,3.5,64.0,4.0,125,0.625,2.5,0,0,540.0,90,8.0,0.8,345,280.0,40.0,7.0,0.7,32.0,1.25,"['Tank', 'Fighter']",Keeper of the Hammer,10.14.1
0,"A renowned harpooner from the slaughter docks of Bilgewater, Pyke should have met his death in the belly of a gigantic jaull-fish… and yet, he returned. Now, stalking the dank alleys and backways of his former hometown, he uses his new supernatural...",Pyke,Pyke.png,champion,48,champion2.png,48,384,96,9,3,7,1,555,Pyke,Mana,45.0,3.5,62.0,2.0,150,0.667,2.5,0,0,600.0,90,7.0,0.5,330,415.0,50.0,8.0,1.0,32.0,1.25,"['Support', 'Assassin']",the Bloodharbor Ripper,10.14.1
0,"In the jungle city of Ixaocan, Qiyana plots her own ruthless path to the high seat of the Yun Tal. Last in line to succeed her parents, she faces those who stand in her way with brash confidence and unprecedented mastery over elemental magic. With the...",Qiyana,Qiyana.png,champion,48,champion2.png,48,432,96,0,2,8,4,246,Qiyana,Mana,28.0,3.5,64.0,3.1,150,0.625,2.1,0,0,590.0,90,8.5,0.65,335,320.0,50.0,8.0,0.7,32.1,1.25,"['Assassin', 'Fighter']",Empress of the Elements,10.14.1
0,"Quinn is an elite ranger-knight of Demacia, who undertakes dangerous missions deep in enemy territory. She and her legendary eagle, Valor, share an unbreakable bond, and their foes are often slain before they realize they are fighting not one, but two...",Quinn,Quinn.png,champion,48,champion3.png,48,0,0,9,4,5,2,133,Quinn,Mana,28.0,3.5,59.0,2.4,525,0.668,3.1,0,0,532.8,85,5.5,0.55,335,268.8,35.0,6.972,0.4,30.0,0.5,"['Marksman', 'Assassin']",Demacia's Wings,10.14.1
0,"As mercurial as he is charming, Rakan is an infamous vastayan troublemaker and the greatest battle-dancer in Lhotlan tribal history. To the humans of the Ionian highlands, his name has long been synonymous with wild festivals, uncontrollable parties...",Rakan,Rakan.png,champion,48,champion3.png,48,48,0,2,4,5,8,497,Rakan,Mana,32.0,3.9,62.0,3.5,300,0.635,3.0,0,0,540.0,85,5.0,0.5,335,315.0,50.0,8.75,0.5,32.1,1.25,['Support'],The Charmer,10.14.1
0,"Idolized by many, dismissed by some, mystifying to all, the curious being Rammus is an enigma. Protected by a spiked shell, he inspires increasingly disparate theories on his origin wherever he goes—from demigod, to sacred oracle, to a mere beast...",Rammus,Rammus.png,champion,48,champion3.png,48,96,0,4,10,5,5,33,Rammus,Mana,36.0,4.3,55.88,3.5,125,0.656,2.215,0,0,564.48,95,8.0,0.55,335,310.44,33.0,7.84,0.5,32.1,1.25,"['Tank', 'Fighter']",the Armordillo,10.14.1
0,"An apex predator, Rek'Sai is a merciless Void-spawn that tunnels beneath the ground to ambush and devour unsuspecting prey. Her insatiable hunger has laid waste to entire regions of the once-great empire of Shurima—merchants, traders, even armed...",RekSai,RekSai.png,champion,48,champion3.png,48,144,0,8,5,3,2,421,Rek'Sai,Rage,36.0,3.75,64.0,3.0,175,0.667,2.0,0,0,570.0,85,7.5,0.65,335,100.0,0.0,0.0,0.0,32.1,1.25,['Fighter'],the Void Burrower,10.14.1
0,"Renekton is a terrifying, rage-fueled Ascended being from the scorched deserts of Shurima. Once, he was his empire's most esteemed warrior, leading the nation's armies to countless victories. However, after the empire's fall, Renekton was entombed...",Renekton,Renekton.png,champion,48,champion3.png,48,192,0,8,5,3,2,58,Renekton,Fury,35.0,4.0,69.0,3.75,125,0.665,2.75,0,0,575.0,87,8.0,0.75,345,100.0,0.0,0.0,0.0,32.1,1.25,"['Fighter', 'Tank']",the Butcher of the Sands,10.14.1
0,"Rengar is a ferocious vastayan trophy hunter who lives for the thrill of tracking down and killing dangerous creatures. He scours the world for the most fearsome beasts he can find, especially seeking any trace of Kha'Zix, the void creature who...",Rengar,Rengar.png,champion,48,champion3.png,48,240,0,7,4,8,2,107,Rengar,Ferocity,34.0,3.0,68.0,3.0,125,0.667,3.0,0,0,585.0,90,7.0,0.5,345,4.0,0.0,0.0,0.0,32.1,1.25,"['Assassin', 'Fighter']",the Pridestalker,10.14.1
0,"Once a swordmaster in the warhosts of Noxus, Riven is an expatriate in a land she previously tried to conquer. She rose through the ranks on the strength of her conviction and brutal efficiency, and was rewarded with a legendary runic blade and a...",Riven,Riven.png,champion,48,champion3.png,48,288,0,8,5,8,1,92,Riven,None,33.0,3.2,64.0,3.0,125,0.625,3.5,0,0,560.0,86,8.5,0.5,340,0.0,0.0,0.0,0.0,32.1,1.25,"['Fighter', 'Assassin']",the Exile,10.14.1
0,"Rumble is a young inventor with a temper. Using nothing more than his own two hands and a heap of scrap, the feisty yordle constructed a colossal mech suit outfitted with an arsenal of electrified harpoons and incendiary rockets. Though others may scoff...",Rumble,Rumble.png,champion,48,champion3.png,48,336,0,3,6,10,8,68,Rumble,Heat,31.0,3.5,61.0,3.2,125,0.644,1.85,0,0,589.0,85,8.0,0.6,345,100.0,0.0,0.0,0.0,32.1,1.25,"['Fighter', 'Mage']",the Mechanized Menace,10.14.1
0,"Widely considered one of the most adept sorcerers on Runeterra, Ryze is an ancient, hard-bitten archmage with an impossibly heavy burden to bear. Armed with immense arcane power and a boundless constitution, he tirelessly hunts for World Runes—fragments...",Ryze,Ryze.png,champion,48,champion3.png,48,384,0,2,2,7,10,13,Ryze,Mana,22.0,3.0,58.0,3.0,550,0.625,2.112,0,0,575.0,98,8.0,0.8,340,300.0,50.0,8.0,1.0,36.0,0.5,"['Mage', 'Fighter']",the Rune Mage,10.14.1
0,"Sejuani is the brutal, unforgiving Iceborn warmother of the Winter's Claw, one of the most feared tribes of the Freljord. Her people's survival is a constant, desperate battle against the elements, forcing them to raid Noxians, Demacians, and Avarosans...",Sejuani,Sejuani.png,champion,48,champion3.png,48,432,0,5,7,4,6,113,Sejuani,Mana,34.0,4.25,66.0,4.0,150,0.688,3.5,0,0,560.0,100,8.5,1.0,340,400.0,40.0,7.0,0.7,32.1,1.25,"['Tank', 'Fighter']",Fury of the North,10.14.1
0,"Cursed from childhood to be haunted by the supernatural Black Mist, Senna joined a sacred order known as the Sentinels of Light, and fiercely fought back—only to be killed, her soul imprisoned in a lantern by the cruel wraith Thresh. But refusing to...",Senna,Senna.png,champion,48,champion3.png,48,0,48,7,2,7,6,235,Senna,Mana,28.0,3.5,50.0,0.0,600,0.625,4.0,0,0,520.0,75,3.5,0.55,330,350.0,45.0,11.5,0.4,30.0,0.5,"['Marksman', 'Support']",the Redeemer,10.14.1
0,"A leader of Ionia's growing criminal underworld, Sett rose to prominence in the wake of the war with Noxus. Though he began as a humble challenger in the fighting pits of Navori, he quickly gained notoriety for his savage strength, and his ability to...",Sett,Sett.png,champion,48,champion3.png,48,48,48,8,5,2,1,875,Sett,Grit,33.0,4.0,60.0,4.0,125,0.625,1.75,0,0,600.0,93,7.0,0.5,340,0.0,0.0,0.0,0.0,32.0,1.25,"['Fighter', 'Tank']",the Boss,10.14.1
0,"Crafted long ago as a plaything for a lonely prince, the enchanted marionette Shaco now delights in murder and mayhem. Corrupted by dark magic and the loss of his beloved charge, the once-kind puppet finds pleasure only in the misery of the poor souls...",Shaco,Shaco.png,champion,48,champion3.png,48,96,48,8,4,9,6,35,Shaco,Mana,30.0,3.5,63.0,3.0,125,0.694,3.0,0,0,587.0,89,8.5,0.55,350,297.2,40.0,7.156,0.45,32.1,1.25,['Assassin'],the Demon Jester,10.14.1
0,"Among the secretive, Ionian warriors known as the Kinkou, Shen serves as their leader, the Eye of Twilight. He longs to remain free from the confusion of emotion, prejudice, and ego, and walks the unseen path of dispassionate judgment between the spirit...",Shen,Shen.png,champion,48,champion3.png,48,144,48,3,9,4,3,98,Shen,Energy,34.0,3.0,60.0,3.0,125,0.751,3.0,0,0,540.0,85,8.5,0.75,340,400.0,0.0,50.0,0.0,32.1,1.25,['Tank'],the Eye of Twilight,10.14.1
0,"Shyvana is a creature with the magic of a rune shard burning within her heart. Though she often appears humanoid, she can take her true form as a fearsome dragon, incinerating her foes with fiery breath. Having saved the life of the crown prince Jarvan...",Shyvana,Shyvana.png,champion,48,champion3.png,48,192,48,8,6,4,3,102,Shyvana,Fury,38.0,3.35,66.0,3.4,125,0.658,2.5,0,0,595.0,95,8.5,0.8,350,100.0,0.0,0.0,0.0,32.1,1.25,"['Fighter', 'Tank']",the Half-Dragon,10.14.1
0,"Singed is a Zaunite alchemist of unmatched intellect, who has devoted his life to pushing the boundaries of knowledge—with no price, even his own sanity, too high to pay. Is there a method to his madness? His concoctions rarely fail, but it appears to...",Singed,Singed.png,champion,48,champion3.png,48,240,48,4,8,5,7,27,Singed,Mana,34.0,3.5,63.0,3.375,125,0.613,1.9,0,0,580.0,85,9.5,0.55,345,330.0,45.0,7.5,0.55,32.1,1.25,"['Tank', 'Fighter']",the Mad Chemist,10.14.1
0,"A war hero from a bygone era, Sion was revered in Noxus for choking the life out of a Demacian king with his bare hands—but, denied oblivion, he was resurrected to serve his empire even in death. His indiscriminate slaughter claimed all who stood in his...",Sion,Sion.png,champion,48,champion3.png,48,288,48,5,9,5,3,14,Sion,Mana,32.0,3.0,68.0,4.0,175,0.679,1.3,0,0,545.0,73,7.5,0.8,345,330.0,42.0,8.0,0.6,32.1,1.25,"['Tank', 'Fighter']",The Undead Juggernaut,10.14.1
0,"Sivir is a renowned fortune hunter and mercenary captain who plies her trade in the deserts of Shurima. Armed with her legendary jeweled crossblade, she has fought and won countless battles for those who can afford her exorbitant price. Known for her...",Sivir,Sivir.png,champion,48,champion3.png,48,336,48,9,3,4,1,15,Sivir,Mana,26.0,3.25,63.0,3.0,500,0.625,1.6,0,0,562.0,90,3.25,0.55,335,284.0,50.0,8.0,0.9,30.0,0.5,['Marksman'],the Battle Mistress,10.14.1
0,"Skarner is an immense crystalline scorpion from a hidden valley in Shurima. Part of the ancient Brackern race, Skarner and his kin are known for their great wisdom and deep connection to the land, as their souls are fused with powerful life crystals...",Skarner,Skarner.png,champion,48,champion3.png,48,384,48,7,6,5,5,72,Skarner,Mana,38.0,3.8,65.0,4.5,125,0.625,2.1,0,0,601.28,90,9.0,0.85,335,320.0,40.0,7.206,0.45,32.1,1.25,"['Fighter', 'Tank']",the Crystal Vanguard,10.14.1
0,"Sona is Demacia's foremost virtuoso of the stringed etwahl, speaking only through her graceful chords and vibrant arias. This genteel manner has endeared her to the highborn, though others suspect her spellbinding melodies to actually emanate magic—a...",Sona,Sona.png,champion,48,champion3.png,48,432,48,5,2,4,8,37,Sona,Mana,28.0,3.3,49.0,3.0,550,0.644,2.3,0,0,482.36,77,5.5,0.55,325,340.6,45.0,11.5,0.4,30.0,0.5,"['Support', 'Mage']",Maven of the Strings,10.14.1
0,"A wanderer from the celestial dimensions beyond Mount Targon, Soraka gave up her immortality to protect the mortal races from their own more violent instincts. She endeavors to spread the virtues of compassion and mercy to everyone she meets—even...",Soraka,Soraka.png,champion,48,champion3.png,48,0,96,2,5,3,7,16,Soraka,Mana,32.0,3.8,50.0,3.0,550,0.625,2.14,0,0,535.0,74,2.5,0.5,325,425.0,40.0,11.5,0.4,30.0,0.5,"['Support', 'Mage']",the Starchild,10.14.1
0,"Jericho Swain is the visionary ruler of Noxus, an expansionist nation that reveres only strength. Though he was cast down and crippled in the Ionian wars, his left arm severed, he seized control of the empire with ruthless determination… and a new...",Swain,Swain.png,champion,48,champion3.png,48,48,96,2,6,8,9,50,Swain,Mana,22.72,4.0,58.0,2.7,525,0.625,2.11,0,0,525.0,85,7.0,0.65,335,468.0,28.5,8.0,0.8,30.0,0.5,"['Mage', 'Fighter']",the Noxian Grand General,10.14.1
0,"Raised in one of Demacia's lesser quarters, Sylas of Dregbourne has come to symbolize the darker side of the Great City. As a boy, his ability to root out hidden sorcery caught the attention of the notorious mageseekers, who eventually imprisoned him...",Sylas,Sylas.png,champion,48,champion3.png,48,96,96,3,4,5,8,517,Sylas,Mana,27.0,4.0,61.0,3.0,175,0.645,3.5,0,0,525.0,115,9.0,0.9,340,280.0,50.0,7.0,0.8,32.0,1.75,"['Mage', 'Assassin']",the Unshackled,10.14.1
0,"Syndra is a fearsome Ionian mage with incredible power at her command. As a child, she disturbed the village elders with her reckless and wild magic. She was sent away to be taught greater control, but eventually discovered her supposed mentor was...",Syndra,Syndra.png,champion,48,champion3.png,48,144,96,2,3,8,9,134,Syndra,Mana,24.712,3.4,53.872,2.9,550,0.625,2.0,0,0,523.0,90,6.5,0.6,330,480.0,40.0,8.0,0.8,30.0,0.5,"['Mage', 'Support']",the Dark Sovereign,10.14.1
0,"Known by many names throughout history, the demon Tahm Kench travels the waterways of Runeterra, feeding his insatiable appetite with the misery of others. Though he may appear singularly charming and proud, he swaggers through the physical realm like a...",TahmKench,TahmKench.png,champion,48,champion3.png,48,192,96,3,9,5,6,223,Tahm Kench,Mana,47.0,3.5,56.0,3.2,175,0.658,2.5,0,0,600.0,100,6.5,0.55,335,325.0,40.0,8.0,1.0,32.1,1.25,"['Support', 'Tank']",the River King,10.14.1
0,"Taliyah is a nomadic mage from Shurima, torn between teenage wonder and adult responsibility. She has crossed nearly all of Valoran on a journey to learn the true nature of her growing powers, though more recently she has returned to protect her tribe...",Taliyah,Taliyah.png,champion,48,champion3.png,48,240,96,1,7,5,8,163,Taliyah,Mana,20.0,3.5,58.0,3.3,525,0.625,1.36,0,0,532.0,90,7.0,0.7,335,425.0,30.0,9.335,0.85,30.0,0.5,"['Mage', 'Support']",the Stoneweaver,10.14.1
0,"Talon is the knife in the darkness, a merciless killer able to strike without warning and escape before any alarm is raised. He carved out a dangerous reputation on the brutal streets of Noxus, where he was forced to fight, kill, and steal to survive...",Talon,Talon.png,champion,48,champion3.png,48,288,96,9,3,7,1,91,Talon,Mana,30.0,3.5,68.0,3.1,125,0.625,2.9,0,0,588.0,95,8.5,0.75,335,377.2,37.0,7.6,0.8,39.0,1.25,['Assassin'],the Blade's Shadow,10.14.1
0,"Taric is the Aspect of the Protector, wielding incredible power as Runeterra's guardian of life, love, and beauty. Shamed by a dereliction of duty and exiled from his homeland Demacia, Taric ascended Mount Targon to find redemption, only to discover a...",Taric,Taric.png,champion,48,champion3.png,48,336,96,4,8,3,5,44,Taric,Mana,40.0,3.4,55.0,3.5,150,0.625,2.0,0,0,575.0,85,6.0,0.5,340,300.0,60.0,8.5,0.8,32.1,1.25,"['Support', 'Fighter']",the Shield of Valoran,10.14.1
0,"Undeterred by even the most dangerous and threatening of obstacles, Teemo scouts the world with boundless enthusiasm and a cheerful spirit. A yordle with an unwavering sense of morality, he takes pride in following the Bandle Scout's Code, sometimes...",Teemo,Teemo.png,champion,48,champion3.png,48,384,96,5,3,6,7,17,Teemo,Mana,24.3,3.75,54.0,3.0,500,0.69,3.38,0,0,528.0,90,5.5,0.65,330,334.0,20.0,9.6,0.45,30.0,0.5,"['Marksman', 'Assassin']",the Swift Scout,10.14.1
0,"Sadistic and cunning, Thresh is an ambitious and restless spirit of the Shadow Isles. Once the custodian of countless arcane secrets, he was undone by a power greater than life or death, and now sustains himself by tormenting and breaking others with...",Thresh,Thresh.png,champion,48,champion3.png,48,432,96,5,6,7,6,412,Thresh,Mana,28.0,0.0,56.0,2.2,450,0.625,3.5,0,0,560.52,93,7.0,0.55,335,273.92,44.0,6.0,0.8,30.0,0.5,"['Support', 'Fighter']",the Chain Warden,10.14.1
0,"While many other yordles channel their energy into discovery, invention, or just plain mischief-making, Tristana was always inspired by the adventures of great warriors. She had heard much about Runeterra, its factions, and its wars, and believed her...",Tristana,Tristana.png,champion,48,champion4.png,48,0,0,9,3,4,5,18,Tristana,Mana,26.0,3.0,61.0,3.3,525,0.656,1.5,0,0,559.0,88,3.75,0.65,325,250.0,32.0,7.2,0.45,30.0,0.5,"['Marksman', 'Assassin']",the Yordle Gunner,10.14.1
0,"Trundle is a hulking and devious troll with a particularly vicious streak, and there is nothing he cannot bludgeon into submission—not even the Freljord itself. Fiercely territorial, he chases down anyone foolish enough to enter his domain. Then, his...",Trundle,Trundle.png,champion,48,champion4.png,48,48,0,7,6,5,2,48,Trundle,Mana,37.0,2.7,68.0,3.0,175,0.67,2.9,0,0,616.0,96,6.0,0.75,350,281.0,45.0,7.5,0.6,32.1,1.25,"['Fighter', 'Tank']",the Troll King,10.14.1
0,"Fueled by unbridled fury and rage, Tryndamere once carved his way through the Freljord, openly challenging the greatest warriors of the north to prepare himself for even darker days ahead. The wrathful barbarian has long sought revenge for the...",Tryndamere,Tryndamere.png,champion,48,champion4.png,48,96,0,10,5,5,2,23,Tryndamere,Fury,33.0,3.1,69.0,3.7,125,0.67,2.9,0,0,625.64,98,8.5,0.9,345,100.0,0.0,0.0,0.0,32.1,1.25,"['Fighter', 'Assassin']",the Barbarian King,10.14.1
0,"Twisted Fate is an infamous cardsharp and swindler who has gambled and charmed his way across much of the known world, earning the enmity and admiration of the rich and foolish alike. He rarely takes things seriously, greeting each day with a mocking...",TwistedFate,TwistedFate.png,champion,48,champion4.png,48,144,0,6,2,9,6,4,Twisted Fate,Mana,21.0,3.15,52.0,3.3,525,0.651,3.22,0,0,534.0,94,5.5,0.6,335,333.0,19.0,8.0,0.8,30.0,0.5,['Mage'],the Card Master,10.14.1
0,"A Zaunite plague rat by birth, but a connoisseur of filth by passion, Twitch is not afraid to get his paws dirty. Aiming a chem-powered crossbow at the gilded heart of Piltover, he has vowed to show those in the city above just how filthy they really...",Twitch,Twitch.png,champion,48,champion4.png,48,192,0,9,2,6,3,29,Twitch,Mana,27.0,3.0,59.0,3.11,550,0.679,3.38,0,0,612.0,86,3.75,0.6,330,287.2,40.0,7.256,0.45,30.0,0.5,"['Marksman', 'Assassin']",the Plague Rat,10.14.1
0,"Udyr is more than a man; he is a vessel for the untamed power of four primal animal spirits. When tapping into the spirits' bestial natures, Udyr can harness their unique strengths: The tiger grants him speed and ferocity, the turtle resilience, the...",Udyr,Udyr.png,champion,48,champion4.png,48,240,0,8,7,7,4,77,Udyr,Mana,34.0,4.0,66.0,5.0,125,0.658,2.67,0,0,594.0,99,6.0,0.75,350,271.0,30.0,7.5,0.45,32.1,1.25,"['Fighter', 'Tank']",the Spirit Walker,10.14.1
0,"Once a powerful Noxian headsman, Urgot was betrayed by the empire for which he had killed so many. Bound in iron chains, he was forced to learn the true meaning of strength in the Dredge—a prison mine deep beneath Zaun. Emerging in a disaster that...",Urgot,Urgot.png,champion,48,champion4.png,48,288,0,8,5,8,3,6,Urgot,Mana,36.0,4.25,63.0,4.0,350,0.625,3.75,0,0,585.0,88,7.5,0.7,330,340.0,45.0,7.25,0.8,32.1,1.25,"['Fighter', 'Tank']",the Dreadnought,10.14.1
0,"One of the ancient darkin, Varus was a deadly killer who loved to torment his foes, driving them almost to insanity before delivering the killing arrow. He was imprisoned at the end of the Great Darkin War, but escaped centuries later in the remade...",Varus,Varus.png,champion,48,champion4.png,48,336,0,7,3,2,4,110,Varus,Mana,27.0,3.4,61.0,3.0,575,0.658,3.0,0,0,530.0,91,3.5,0.55,330,360.0,33.0,8.0,0.8,30.0,0.5,"['Marksman', 'Mage']",the Arrow of Retribution,10.14.1
0,"Shauna Vayne is a deadly, remorseless Demacian monster hunter, who has dedicated her life to finding and destroying the demon that murdered her family. Armed with a wrist-mounted crossbow and a heart full of vengeance, she is only truly happy when...",Vayne,Vayne.png,champion,48,champion4.png,48,384,0,10,1,8,1,67,Vayne,Mana,23.0,3.4,60.0,2.36,550,0.658,3.3,0,0,515.0,89,3.5,0.55,330,231.8,35.0,6.972,0.4,30.0,0.5,"['Marksman', 'Assassin']",the Night Hunter,10.14.1
0,"An enthusiastic master of dark sorcery, Veigar has embraced powers that few mortals dare approach. As a free-spirited inhabitant of Bandle City, he longed to push beyond the limitations of yordle magic, and turned instead to arcane texts that had been...",Veigar,Veigar.png,champion,48,champion4.png,48,432,0,2,2,7,10,45,Veigar,Mana,23.0,3.75,52.0,2.7,550,0.625,2.24,0,0,505.0,94,6.5,0.6,340,490.0,26.0,8.0,0.8,30.0,0.5,['Mage'],the Tiny Master of Evil,10.14.1
0,"It is unclear if Vel'Koz was the first Void-spawn to emerge on Runeterra, but there has certainly never been another to match his level of cruel, calculating sentience. While his kin devour or defile everything around them, he seeks instead to...",Velkoz,Velkoz.png,champion,48,champion4.png,48,0,48,2,2,8,10,161,Vel'Koz,Mana,21.88,3.5,54.9379,3.1416,525,0.625,1.36,0,0,520.0,88,5.5,0.55,340,469.0,21.0,8.0,0.8,30.0,0.5,['Mage'],the Eye of the Void,10.14.1
0,"Once a criminal from the mean streets of Zaun, Vi is a hotheaded, impulsive, and fearsome woman with only a very loose respect for authority figures. Growing up all but alone, Vi developed finely honed survival instincts as well as a wickedly abrasive...",Vi,Vi.png,champion,48,champion4.png,48,48,48,8,5,4,3,254,Vi,Mana,30.0,4.0,63.0,3.5,125,0.644,2.0,0,0,585.0,85,10.0,1.0,340,295.0,45.0,8.0,0.65,32.1,1.25,"['Fighter', 'Assassin']",the Piltover Enforcer,10.14.1
0,"The herald of a new age of technology, Viktor has devoted his life to the advancement of humankind. An idealist who seeks to lift the people of Zaun to a new level of understanding, he believes that only by embracing a glorious evolution of technology...",Viktor,Viktor.png,champion,48,champion4.png,48,96,48,2,4,9,10,112,Viktor,Mana,23.0,4.0,53.0,3.0,525,0.658,2.11,0,0,530.0,90,8.0,0.65,335,405.0,25.0,8.0,0.8,30.0,0.5,['Mage'],the Machine Herald,10.14.1
0,"A fiend with a thirst for mortal blood, Vladimir has influenced the affairs of Noxus since the empire's earliest days. In addition to unnaturally extending his life, his mastery of hemomancy allows him to control the minds and bodies of others as easily...",Vladimir,Vladimir.png,champion,48,champion4.png,48,144,48,2,6,7,8,8,Vladimir,Crimson Rush,23.0,3.3,55.0,3.0,450,0.658,2.0,0,0,537.0,96,7.0,0.6,330,2.0,0.0,0.0,0.0,30.0,0.5,['Mage'],the Crimson Reaper,10.14.1
0,"To those who still revere him, the Volibear is the storm made manifest. Destructive, wild, and stubbornly resolute, he existed before mortals walked the Freljord's tundra, and is fiercely protective of the lands that he and his demi-god kin created...",Volibear,Volibear.png,champion,48,champion4.png,48,192,48,7,7,3,4,106,Volibear,Mana,31.0,4.0,60.0,3.0,150,0.625,2.0,0,0,580.0,90,9.0,0.75,340,350.0,50.0,6.25,0.5,32.0,1.25,"['Fighter', 'Tank']",the Relentless Storm,10.14.1
0,"Warwick is a monster who hunts the gray alleys of Zaun. Transformed by agonizing experiments, his body is fused with an intricate system of chambers and pumps, machinery filling his veins with alchemical rage. Bursting out of the shadows, he preys upon...",Warwick,Warwick.png,champion,48,champion4.png,48,240,48,9,5,3,3,19,Warwick,Mana,33.0,3.2,65.0,3.0,125,0.638,2.3,0,0,550.0,85,4.0,0.75,335,280.0,35.0,7.466,0.575,32.1,1.25,"['Fighter', 'Tank']",the Uncaged Wrath of Zaun,10.14.1
0,"Deadly and precise, Xayah is a vastayan revolutionary waging a personal war to save her people. She uses her speed, guile, and razor-sharp feather blades to cut down anyone who stands in her way. Xayah fights alongside her partner and lover, Rakan, to...",Xayah,Xayah.png,champion,48,champion4.png,48,288,48,10,6,5,1,498,Xayah,Mana,25.0,3.0,60.0,2.9,525,0.625,3.3,0,0,590.0,88,3.25,0.75,325,340.0,40.0,8.25,0.75,30.0,0.5,['Marksman'],the Rebel,10.14.1
0,"Xerath is an Ascended Magus of ancient Shurima, a being of arcane energy writhing in the broken shards of a magical sarcophagus. For millennia, he was trapped beneath the desert sands, but the rise of Shurima freed him from his ancient prison. Driven...",Xerath,Xerath.png,champion,48,champion4.png,48,336,48,1,3,8,10,101,Xerath,Mana,21.88,3.5,54.7,3.0,525,0.625,1.36,0,0,526.0,92,5.5,0.55,340,459.0,22.0,8.0,0.8,30.0,0.5,['Mage'],the Magus Ascendant,10.14.1
0,"Xin Zhao is a resolute warrior loyal to the ruling Lightshield dynasty. Once condemned to the fighting pits of Noxus, he survived countless gladiatorial bouts, but after being freed by Demacian forces, he swore his life and allegiance to these brave...",XinZhao,XinZhao.png,champion,48,champion4.png,48,384,48,8,6,2,3,5,Xin Zhao,Mana,35.0,3.5,66.0,3.0,175,0.645,3.5,0,0,570.0,92,8.0,0.7,345,273.8,35.0,7.256,0.45,32.1,1.25,"['Fighter', 'Assassin']",the Seneschal of Demacia,10.14.1
0,"An Ionian of deep resolve, Yasuo is an agile swordsman who wields the air itself against his enemies. As a proud young man, he was falsely accused of murdering his master—unable to prove his innocence, he was forced to slay his own brother in self...",Yasuo,Yasuo.png,champion,48,champion4.png,48,432,48,8,4,10,4,157,Yasuo,Flow,30.0,3.4,60.0,3.2,175,0.697,2.5,0,0,490.0,87,6.5,0.9,345,100.0,0.0,0.0,0.0,30.0,1.25,"['Fighter', 'Assassin']",the Unforgiven,10.14.1
0,"The last survivor of a long-forgotten religious order, Yorick is both blessed and cursed with power over the dead. Trapped on the Shadow Isles, his only companions are the rotting corpses and shrieking spirits that he gathers to him. Yorick's monstrous...",Yorick,Yorick.png,champion,48,champion4.png,48,0,96,6,6,6,4,83,Yorick,Mana,39.0,4.0,62.0,5.0,175,0.625,2.0,0,0,580.0,100,8.0,0.8,340,300.0,40.0,7.5,0.75,32.0,1.25,"['Fighter', 'Tank']",Shepherd of Souls,10.14.1
0,"A magical cat from Bandle City, Yuumi was once the familiar of a yordle enchantress, Norra. When her master mysteriously disappeared, Yuumi became the Keeper of Norra's sentient Book of Thresholds, traveling through portals in its pages to search for...",Yuumi,Yuumi.png,champion,48,champion4.png,48,48,96,5,1,2,8,350,Yuumi,Mana,25.0,3.0,55.0,3.1,500,0.625,1.0,0,0,480.0,70,7.0,0.55,330,400.0,45.0,10.0,0.4,25.0,0.3,"['Support', 'Mage']",the Magical Cat,10.14.1
0,"Zac is the product of a toxic spill that ran through a chemtech seam and pooled in an isolated cavern deep in Zaun's Sump. Despite such humble origins, Zac has grown from primordial ooze into a thinking being who dwells in the city's pipes, occasionally...",Zac,Zac.png,champion,48,champion4.png,48,96,96,3,7,8,7,154,Zac,None,33.0,3.5,60.0,3.4,175,0.736,1.6,0,0,615.0,95,8.0,0.5,340,0.0,0.0,0.0,0.0,32.0,1.25,"['Tank', 'Fighter']",the Secret Weapon,10.14.1
0,"Utterly ruthless and without mercy, Zed is the leader of the Order of Shadow, an organization he created with the intent of militarizing Ionia's magical and martial traditions to drive out Noxian invaders. During the war, desperation led him to unlock...",Zed,Zed.png,champion,48,champion4.png,48,144,96,9,2,7,1,238,Zed,Energy,32.0,3.5,63.0,3.4,125,0.651,3.3,0,0,584.0,85,7.0,0.65,345,200.0,0.0,50.0,0.0,32.1,1.25,['Assassin'],the Master of Shadows,10.14.1
0,"With a love of big bombs and short fuses, the yordle Ziggs is an explosive force of nature. As an inventor's assistant in Piltover, he was bored by his predictable life and befriended a mad, blue-haired bomber named Jinx. After a wild night on the town...",Ziggs,Ziggs.png,champion,48,champion4.png,48,192,96,2,4,4,9,115,Ziggs,Mana,21.544,3.3,54.208,3.1,550,0.656,2.0,0,0,536.0,92,6.5,0.6,325,480.0,23.5,8.0,0.8,30.0,0.5,['Mage'],the Hexplosives Expert,10.14.1
0,"Once a powerful Icathian mage, Zilean became obsessed with the passage of time after witnessing his homeland's destruction by the Void. Unable to spare even a minute to grieve the catastrophic loss, he called upon ancient temporal magic to divine all...",Zilean,Zilean.png,champion,48,champion4.png,48,240,96,2,5,6,8,26,Zilean,Mana,24.0,3.8,51.64,3.0,550,0.625,2.13,0,0,504.0,82,5.5,0.5,335,452.0,30.0,11.335,0.8,30.0,0.5,"['Support', 'Mage']",the Chronokeeper,10.14.1
0,"As the embodiment of mischief, imagination, and change, Zoe acts as the cosmic messenger of Targon, heralding major events that reshape worlds. Her mere presence warps the arcane mathematics governing realities, sometimes causing cataclysms without...",Zoe,Zoe.png,champion,48,champion4.png,48,288,96,1,7,5,8,142,Zoe,Mana,20.8,3.5,58.0,3.3,550,0.625,2.5,0,0,560.0,92,6.5,0.6,340,425.0,25.0,8.0,0.65,30.0,0.5,"['Mage', 'Support']",the Aspect of Twilight,10.14.1
0,"Born in an ancient, sorcerous catastrophe, Zyra is the wrath of nature given form—an alluring hybrid of plant and human, kindling new life with every step. She views the many mortals of Valoran as little more than prey for her seeded progeny, and thinks...",Zyra,Zyra.png,champion,48,champion4.png,48,336,96,4,3,7,8,143,Zyra,Mana,29.0,3.0,53.376,3.2,575,0.625,2.11,0,0,504.0,79,5.5,0.5,340,418.0,25.0,13.0,0.4,30.0,0.5,"['Mage', 'Support']",Rise of the Thorns,10.14.1
